Provincias de destino;Procedencia de los viajeros;Meses;Total
Albacete;Total;Total;2,59
Albacete;Total;Enero;2,32
Albacete;Total;Febrero;2,23
Albacete;Total;Marzo;2,45
Albacete;Total;Abril;2,61
Albacete;Total;Mayo;2,12
Albacete;Total;Junio;2,32
Albacete;Total;Julio;2,77
Albacete;Total;Agosto;3,72
Albacete;Total;Septiembre;2,51
Albacete;Total;Octubre;2,17
Albacete;Total;Noviembre;2,02
Albacete;Total;Diciembre;2,31
Albacete;Residentes en España;Total;2,58
Albacete;Residentes en España;Enero;2,32
Albacete;Residentes en España;Febrero;2,23
Albacete;Residentes en España;Marzo;2,45
Albacete;Residentes en España;Abril;2,57
Albacete;Residentes en España;Mayo;2,13
Albacete;Residentes en España;Junio;2,32
Albacete;Residentes en España;Julio;2,76
Albacete;Residentes en España;Agosto;3,72
Albacete;Residentes en España;Septiembre;2,46
Albacete;Residentes en España;Octubre;2,16
Albacete;Residentes en España;Noviembre;2,02
Albacete;Residentes en España;Diciembre;2,31
Albacete;No Residentes en España;Total;3,39
Albacete;No Residentes en España;Enero;1
Albacete;No Residentes en España;Febrero;1,67
Albacete;No Residentes en España;Marzo;0
Albacete;No Residentes en España;Abril;5,08
Albacete;No Residentes en España;Mayo;1,31
Albacete;No Residentes en España;Junio;2,2
Albacete;No Residentes en España;Julio;3,39
Albacete;No Residentes en España;Agosto;3,59
Albacete;No Residentes en España;Septiembre;4,49
Albacete;No Residentes en España;Octubre;2,54
Albacete;No Residentes en España;Noviembre;2,69
Albacete;No Residentes en España;Diciembre;2,91
Alicante;Total;Total;2,6
Alicante;Total;Enero;2,57
Alicante;Total;Febrero;2,6
Alicante;Total;Marzo;2,54
Alicante;Total;Abril;2,61
Alicante;Total;Mayo;2,3
Alicante;Total;Junio;2,39
Alicante;Total;Julio;2,8
Alicante;Total;Agosto;3,68
Alicante;Total;Septiembre;2,2
Alicante;Total;Octubre;2,21
Alicante;Total;Noviembre;2,3
Alicante;Total;Diciembre;2,34
Alicante;Residentes en España;Total;2,36
Alicante;Residentes en España;Enero;2,05
Alicante;Residentes en España;Febrero;2,02
Alicante;Residentes en España;Marzo;2,11
Alicante;Residentes en España;Abril;2,4
Alicante;Residentes en España;Mayo;2,07
Alicante;Residentes en España;Junio;2,15
Alicante;Residentes en España;Julio;2,63
Alicante;Residentes en España;Agosto;3,67
Alicante;Residentes en España;Septiembre;2
Alicante;Residentes en España;Octubre;1,99
Alicante;Residentes en España;Noviembre;2,05
Alicante;Residentes en España;Diciembre;2,15
Alicante;No Residentes en España;Total;3,71
Alicante;No Residentes en España;Enero;5,13
Alicante;No Residentes en España;Febrero;5,29
Alicante;No Residentes en España;Marzo;4,68
Alicante;No Residentes en España;Abril;4,1
Alicante;No Residentes en España;Mayo;3,38
Alicante;No Residentes en España;Junio;3,3
Alicante;No Residentes en España;Julio;3,73
Alicante;No Residentes en España;Agosto;3,69
Alicante;No Residentes en España;Septiembre;2,78
Alicante;No Residentes en España;Octubre;3,04
Alicante;No Residentes en España;Noviembre;3,67
Alicante;No Residentes en España;Diciembre;4,26
Almería;Total;Total;2,85
Almería;Total;Enero;2,51
Almería;Total;Febrero;2,46
Almería;Total;Marzo;2,68
Almería;Total;Abril;2,84
Almería;Total;Mayo;2,53
Almería;Total;Junio;2,76
Almería;Total;Julio;3,02
Almería;Total;Agosto;3,37
Almería;Total;Septiembre;2,81
Almería;Total;Octubre;2,59
Almería;Total;Noviembre;2,65
Almería;Total;Diciembre;2,95
Almería;Residentes en España;Total;2,59
Almería;Residentes en España;Enero;2,35
Almería;Residentes en España;Febrero;2,17
Almería;Residentes en España;Marzo;2,2
Almería;Residentes en España;Abril;2,44
Almería;Residentes en España;Mayo;2,14
Almería;Residentes en España;Junio;2,63
Almería;Residentes en España;Julio;2,91
Almería;Residentes en España;Agosto;3,16
Almería;Residentes en España;Septiembre;2,43
Almería;Residentes en España;Octubre;2,37
Almería;Residentes en España;Noviembre;2,21
Almería;Residentes en España;Diciembre;2,78
Almería;No Residentes en España;Total;3,87
Almería;No Residentes en España;Enero;3,25
Almería;No Residentes en España;Febrero;3,8
Almería;No Residentes en España;Marzo;4,94
Almería;No Residentes en España;Abril;4,18
Almería;No Residentes en España;Mayo;3,41
Almería;No Residentes en España;Junio;3,13
Almería;No Residentes en España;Julio;3,54
Almería;No Residentes en España;Agosto;4,34
Almería;No Residentes en España;Septiembre;4,55
Almería;No Residentes en España;Octubre;3,33
Almería;No Residentes en España;Noviembre;4,75
Almería;No Residentes en España;Diciembre;3,78
Araba;Total;Total;2,43
Araba;Total;Enero;2,53
Araba;Total;Febrero;2,16
Araba;Total;Marzo;2,13
Araba;Total;Abril;2,52
Araba;Total;Mayo;2,08
Araba;Total;Junio;2,08
Araba;Total;Julio;2,6
Araba;Total;Agosto;3,49
Araba;Total;Septiembre;2,04
Araba;Total;Octubre;2,32
Araba;Total;Noviembre;1,89
Araba;Total;Diciembre;2,54
Araba;Residentes en España;Total;2,41
Araba;Residentes en España;Enero;2,53
Araba;Residentes en España;Febrero;2,14
Araba;Residentes en España;Marzo;2,11
Araba;Residentes en España;Abril;2,53
Araba;Residentes en España;Mayo;2,08
Araba;Residentes en España;Junio;2,04
Araba;Residentes en España;Julio;2,5
Araba;Residentes en España;Agosto;3,65
Araba;Residentes en España;Septiembre;2,03
Araba;Residentes en España;Octubre;2,33
Araba;Residentes en España;Noviembre;1,91
Araba;Residentes en España;Diciembre;2,54
Araba;No Residentes en España;Total;2,57
Araba;No Residentes en España;Enero;2,29
Araba;No Residentes en España;Febrero;3,23
Araba;No Residentes en España;Marzo;2,49
Araba;No Residentes en España;Abril;2,29
Araba;No Residentes en España;Mayo;2,2
Araba;No Residentes en España;Junio;2,46
Araba;No Residentes en España;Julio;2,86
Araba;No Residentes en España;Agosto;2,94
Araba;No Residentes en España;Septiembre;2,1
Araba;No Residentes en España;Octubre;2,22
Araba;No Residentes en España;Noviembre;1,51
Araba;No Residentes en España;Diciembre;2,28
Asturias;Total;Total;3,45
Asturias;Total;Enero;2,5
Asturias;Total;Febrero;2,42
Asturias;Total;Marzo;2,48
Asturias;Total;Abril;3,04
Asturias;Total;Mayo;2,08
Asturias;Total;Junio;2,79
Asturias;Total;Julio;4,15
Asturias;Total;Agosto;4,59
Asturias;Total;Septiembre;3,22
Asturias;Total;Octubre;2,54
Asturias;Total;Noviembre;2,64
Asturias;Total;Diciembre;2,84
Asturias;Residentes en España;Total;3,42
Asturias;Residentes en España;Enero;2,4
Asturias;Residentes en España;Febrero;2,34
Asturias;Residentes en España;Marzo;2,49
Asturias;Residentes en España;Abril;3,05
Asturias;Residentes en España;Mayo;2,04
Asturias;Residentes en España;Junio;2,75
Asturias;Residentes en España;Julio;4,09
Asturias;Residentes en España;Agosto;4,61
Asturias;Residentes en España;Septiembre;3,21
Asturias;Residentes en España;Octubre;2,48
Asturias;Residentes en España;Noviembre;2,4
Asturias;Residentes en España;Diciembre;2,85
Asturias;No Residentes en España;Total;3,68
Asturias;No Residentes en España;Enero;6,11
Asturias;No Residentes en España;Febrero;3,37
Asturias;No Residentes en España;Marzo;2,41
Asturias;No Residentes en España;Abril;2,84
Asturias;No Residentes en España;Mayo;2,35
Asturias;No Residentes en España;Junio;3,07
Asturias;No Residentes en España;Julio;4,69
Asturias;No Residentes en España;Agosto;4,26
Asturias;No Residentes en España;Septiembre;3,3
Asturias;No Residentes en España;Octubre;3,09
Asturias;No Residentes en España;Noviembre;5,23
Asturias;No Residentes en España;Diciembre;2,46
Ávila;Total;Total;2,63
Ávila;Total;Enero;2,39
Ávila;Total;Febrero;2,3
Ávila;Total;Marzo;2,17
Ávila;Total;Abril;2,61
Ávila;Total;Mayo;2,02
Ávila;Total;Junio;2,13
Ávila;Total;Julio;2,82
Ávila;Total;Agosto;4,17
Ávila;Total;Septiembre;2,35
Ávila;Total;Octubre;2,53
Ávila;Total;Noviembre;2,28
Ávila;Total;Diciembre;2,63
Ávila;Residentes en España;Total;2,6
Ávila;Residentes en España;Enero;2,38
Ávila;Residentes en España;Febrero;2,24
Ávila;Residentes en España;Marzo;2,17
Ávila;Residentes en España;Abril;2,62
Ávila;Residentes en España;Mayo;2,03
Ávila;Residentes en España;Junio;2,1
Ávila;Residentes en España;Julio;2,8
Ávila;Residentes en España;Agosto;4,13
Ávila;Residentes en España;Septiembre;2,29
Ávila;Residentes en España;Octubre;2,48
Ávila;Residentes en España;Noviembre;2,21
Ávila;Residentes en España;Diciembre;2,61
Ávila;No Residentes en España;Total;3,81
Ávila;No Residentes en España;Enero;16,81
Ávila;No Residentes en España;Febrero;5,93
Ávila;No Residentes en España;Marzo;2,01
Ávila;No Residentes en España;Abril;1,57
Ávila;No Residentes en España;Mayo;1,44
Ávila;No Residentes en España;Junio;2,6
Ávila;No Residentes en España;Julio;5,73
Ávila;No Residentes en España;Agosto;5
Ávila;No Residentes en España;Septiembre;3,75
Ávila;No Residentes en España;Octubre;3,49
Ávila;No Residentes en España;Noviembre;6,4
Ávila;No Residentes en España;Diciembre;3,17
Badajoz;Total;Total;2,13
Badajoz;Total;Enero;2,21
Badajoz;Total;Febrero;1,99
Badajoz;Total;Marzo;1,89
Badajoz;Total;Abril;2,22
Badajoz;Total;Mayo;2,06
Badajoz;Total;Junio;2,13
Badajoz;Total;Julio;2,28
Badajoz;Total;Agosto;2,51
Badajoz;Total;Septiembre;1,96
Badajoz;Total;Octubre;1,89
Badajoz;Total;Noviembre;1,9
Badajoz;Total;Diciembre;2,21
Badajoz;Residentes en España;Total;2,06
Badajoz;Residentes en España;Enero;2,31
Badajoz;Residentes en España;Febrero;1,97
Badajoz;Residentes en España;Marzo;1,85
Badajoz;Residentes en España;Abril;2,22
Badajoz;Residentes en España;Mayo;1,91
Badajoz;Residentes en España;Junio;2,08
Badajoz;Residentes en España;Julio;2,15
Badajoz;Residentes en España;Agosto;2,39
Badajoz;Residentes en España;Septiembre;1,87
Badajoz;Residentes en España;Octubre;1,83
Badajoz;Residentes en España;Noviembre;1,81
Badajoz;Residentes en España;Diciembre;2,26
Badajoz;No Residentes en España;Total;2,6
Badajoz;No Residentes en España;Enero;1,51
Badajoz;No Residentes en España;Febrero;2,38
Badajoz;No Residentes en España;Marzo;2,25
Badajoz;No Residentes en España;Abril;2,21
Badajoz;No Residentes en España;Mayo;2,96
Badajoz;No Residentes en España;Junio;2,55
Badajoz;No Residentes en España;Julio;3,35
Badajoz;No Residentes en España;Agosto;3,3
Badajoz;No Residentes en España;Septiembre;2,46
Badajoz;No Residentes en España;Octubre;2,27
Badajoz;No Residentes en España;Noviembre;2,52
Badajoz;No Residentes en España;Diciembre;1,58
Balears, Illes;Total;Total;3,59
Balears, Illes;Total;Enero;2,74
Balears, Illes;Total;Febrero;2,45
Balears, Illes;Total;Marzo;2,88
Balears, Illes;Total;Abril;3,46
Balears, Illes;Total;Mayo;3,53
Balears, Illes;Total;Junio;3,7
Balears, Illes;Total;Julio;3,92
Balears, Illes;Total;Agosto;4,05
Balears, Illes;Total;Septiembre;3,69
Balears, Illes;Total;Octubre;3,41
Balears, Illes;Total;Noviembre;2,78
Balears, Illes;Total;Diciembre;2,59
Balears, Illes;Residentes en España;Total;2,69
Balears, Illes;Residentes en España;Enero;2,21
Balears, Illes;Residentes en España;Febrero;1,75
Balears, Illes;Residentes en España;Marzo;1,95
Balears, Illes;Residentes en España;Abril;2,45
Balears, Illes;Residentes en España;Mayo;2,4
Balears, Illes;Residentes en España;Junio;2,87
Balears, Illes;Residentes en España;Julio;3,2
Balears, Illes;Residentes en España;Agosto;3,67
Balears, Illes;Residentes en España;Septiembre;2,8
Balears, Illes;Residentes en España;Octubre;2,38
Balears, Illes;Residentes en España;Noviembre;2,06
Balears, Illes;Residentes en España;Diciembre;2,02
Balears, Illes;No Residentes en España;Total;3,81
Balears, Illes;No Residentes en España;Enero;3,33
Balears, Illes;No Residentes en España;Febrero;3,11
Balears, Illes;No Residentes en España;Marzo;3,14
Balears, Illes;No Residentes en España;Abril;3,63
Balears, Illes;No Residentes en España;Mayo;3,72
Balears, Illes;No Residentes en España;Junio;3,87
Balears, Illes;No Residentes en España;Julio;4,08
Balears, Illes;No Residentes en España;Agosto;4,14
Balears, Illes;No Residentes en España;Septiembre;3,85
Balears, Illes;No Residentes en España;Octubre;3,58
Balears, Illes;No Residentes en España;Noviembre;3,43
Balears, Illes;No Residentes en España;Diciembre;3,15
Barcelona;Total;Total;2,46
Barcelona;Total;Enero;2,21
Barcelona;Total;Febrero;1,87
Barcelona;Total;Marzo;1,98
Barcelona;Total;Abril;2,18
Barcelona;Total;Mayo;1,96
Barcelona;Total;Junio;2,3
Barcelona;Total;Julio;2,94
Barcelona;Total;Agosto;4,82
Barcelona;Total;Septiembre;2
Barcelona;Total;Octubre;2
Barcelona;Total;Noviembre;1,94
Barcelona;Total;Diciembre;2,24
Barcelona;Residentes en España;Total;2,32
Barcelona;Residentes en España;Enero;2,13
Barcelona;Residentes en España;Febrero;1,85
Barcelona;Residentes en España;Marzo;1,97
Barcelona;Residentes en España;Abril;2,18
Barcelona;Residentes en España;Mayo;1,92
Barcelona;Residentes en España;Junio;2,24
Barcelona;Residentes en España;Julio;2,58
Barcelona;Residentes en España;Agosto;4,56
Barcelona;Residentes en España;Septiembre;1,99
Barcelona;Residentes en España;Octubre;2,01
Barcelona;Residentes en España;Noviembre;1,96
Barcelona;Residentes en España;Diciembre;2,23
Barcelona;No Residentes en España;Total;3,39
Barcelona;No Residentes en España;Enero;3,89
Barcelona;No Residentes en España;Febrero;2,1
Barcelona;No Residentes en España;Marzo;2,1
Barcelona;No Residentes en España;Abril;2,25
Barcelona;No Residentes en España;Mayo;2,22
Barcelona;No Residentes en España;Junio;2,61
Barcelona;No Residentes en España;Julio;4,38
Barcelona;No Residentes en España;Agosto;5,36
Barcelona;No Residentes en España;Septiembre;2,14
Barcelona;No Residentes en España;Octubre;1,93
Barcelona;No Residentes en España;Noviembre;1,67
Barcelona;No Residentes en España;Diciembre;2,38
Bizkaia;Total;Total;2,41
Bizkaia;Total;Enero;1,95
Bizkaia;Total;Febrero;2,06
Bizkaia;Total;Marzo;2,14
Bizkaia;Total;Abril;2,22
Bizkaia;Total;Mayo;1,89
Bizkaia;Total;Junio;2,09
Bizkaia;Total;Julio;2,54
Bizkaia;Total;Agosto;3,57
Bizkaia;Total;Septiembre;2,08
Bizkaia;Total;Octubre;2,28
Bizkaia;Total;Noviembre;2,17
Bizkaia;Total;Diciembre;2,39
Bizkaia;Residentes en España;Total;2,45
Bizkaia;Residentes en España;Enero;1,92
Bizkaia;Residentes en España;Febrero;2,1
Bizkaia;Residentes en España;Marzo;2,18
Bizkaia;Residentes en España;Abril;2,27
Bizkaia;Residentes en España;Mayo;2,01
Bizkaia;Residentes en España;Junio;2,18
Bizkaia;Residentes en España;Julio;2,5
Bizkaia;Residentes en España;Agosto;3,63
Bizkaia;Residentes en España;Septiembre;2,19
Bizkaia;Residentes en España;Octubre;2,41
Bizkaia;Residentes en España;Noviembre;2,18
Bizkaia;Residentes en España;Diciembre;2,39
Bizkaia;No Residentes en España;Total;2,3
Bizkaia;No Residentes en España;Enero;2,24
Bizkaia;No Residentes en España;Febrero;1,8
Bizkaia;No Residentes en España;Marzo;1,67
Bizkaia;No Residentes en España;Abril;1,93
Bizkaia;No Residentes en España;Mayo;1,6
Bizkaia;No Residentes en España;Junio;1,86
Bizkaia;No Residentes en España;Julio;2,6
Bizkaia;No Residentes en España;Agosto;3,42
Bizkaia;No Residentes en España;Septiembre;1,85
Bizkaia;No Residentes en España;Octubre;1,88
Bizkaia;No Residentes en España;Noviembre;2,02
Bizkaia;No Residentes en España;Diciembre;2,41
Burgos;Total;Total;2,26
Burgos;Total;Enero;1,9
Burgos;Total;Febrero;1,94
Burgos;Total;Marzo;1,96
Burgos;Total;Abril;2,22
Burgos;Total;Mayo;1,81
Burgos;Total;Junio;1,82
Burgos;Total;Julio;2,41
Burgos;Total;Agosto;3,05
Burgos;Total;Septiembre;2,14
Burgos;Total;Octubre;2,34
Burgos;Total;Noviembre;1,88
Burgos;Total;Diciembre;2,54
Burgos;Residentes en España;Total;2,37
Burgos;Residentes en España;Enero;1,95
Burgos;Residentes en España;Febrero;1,99
Burgos;Residentes en España;Marzo;1,99
Burgos;Residentes en España;Abril;2,31
Burgos;Residentes en España;Mayo;1,97
Burgos;Residentes en España;Junio;1,91
Burgos;Residentes en España;Julio;2,58
Burgos;Residentes en España;Agosto;3,32
Burgos;Residentes en España;Septiembre;2,27
Burgos;Residentes en España;Octubre;2,37
Burgos;Residentes en España;Noviembre;1,89
Burgos;Residentes en España;Diciembre;2,59
Burgos;No Residentes en España;Total;1,47
Burgos;No Residentes en España;Enero;1,29
Burgos;No Residentes en España;Febrero;1,06
Burgos;No Residentes en España;Marzo;1,36
Burgos;No Residentes en España;Abril;1,12
Burgos;No Residentes en España;Mayo;1,21
Burgos;No Residentes en España;Junio;1,34
Burgos;No Residentes en España;Julio;1,43
Burgos;No Residentes en España;Agosto;1,43
Burgos;No Residentes en España;Septiembre;1,53
Burgos;No Residentes en España;Octubre;2,07
Burgos;No Residentes en España;Noviembre;1,79
Burgos;No Residentes en España;Diciembre;1,83
Cáceres;Total;Total;2,27
Cáceres;Total;Enero;2,21
Cáceres;Total;Febrero;2,14
Cáceres;Total;Marzo;1,98
Cáceres;Total;Abril;2,37
Cáceres;Total;Mayo;2,04
Cáceres;Total;Junio;2,04
Cáceres;Total;Julio;2,4
Cáceres;Total;Agosto;2,84
Cáceres;Total;Septiembre;2,11
Cáceres;Total;Octubre;2,07
Cáceres;Total;Noviembre;2
Cáceres;Total;Diciembre;2,46
Cáceres;Residentes en España;Total;2,23
Cáceres;Residentes en España;Enero;2,19
Cáceres;Residentes en España;Febrero;2,1
Cáceres;Residentes en España;Marzo;1,97
Cáceres;Residentes en España;Abril;2,29
Cáceres;Residentes en España;Mayo;1,93
Cáceres;Residentes en España;Junio;1,97
Cáceres;Residentes en España;Julio;2,38
Cáceres;Residentes en España;Agosto;2,83
Cáceres;Residentes en España;Septiembre;2,06
Cáceres;Residentes en España;Octubre;2,03
Cáceres;Residentes en España;Noviembre;1,97
Cáceres;Residentes en España;Diciembre;2,46
Cáceres;No Residentes en España;Total;2,67
Cáceres;No Residentes en España;Enero;2,49
Cáceres;No Residentes en España;Febrero;3,31
Cáceres;No Residentes en España;Marzo;2,1
Cáceres;No Residentes en España;Abril;3,12
Cáceres;No Residentes en España;Mayo;2,55
Cáceres;No Residentes en España;Junio;2,71
Cáceres;No Residentes en España;Julio;2,6
Cáceres;No Residentes en España;Agosto;2,96
Cáceres;No Residentes en España;Septiembre;2,6
Cáceres;No Residentes en España;Octubre;2,41
Cáceres;No Residentes en España;Noviembre;2,36
Cáceres;No Residentes en España;Diciembre;2,29
Cádiz;Total;Total;2,43
Cádiz;Total;Enero;1,89
Cádiz;Total;Febrero;2,09
Cádiz;Total;Marzo;2,18
Cádiz;Total;Abril;2,17
Cádiz;Total;Mayo;2,21
Cádiz;Total;Junio;2,49
Cádiz;Total;Julio;3,03
Cádiz;Total;Agosto;3,07
Cádiz;Total;Septiembre;2,35
Cádiz;Total;Octubre;2,08
Cádiz;Total;Noviembre;2,04
Cádiz;Total;Diciembre;2,44
Cádiz;Residentes en España;Total;2,45
Cádiz;Residentes en España;Enero;1,76
Cádiz;Residentes en España;Febrero;2,01
Cádiz;Residentes en España;Marzo;2,17
Cádiz;Residentes en España;Abril;2,3
Cádiz;Residentes en España;Mayo;2,11
Cádiz;Residentes en España;Junio;2,48
Cádiz;Residentes en España;Julio;3,06
Cádiz;Residentes en España;Agosto;3,15
Cádiz;Residentes en España;Septiembre;2,29
Cádiz;Residentes en España;Octubre;2,04
Cádiz;Residentes en España;Noviembre;2,09
Cádiz;Residentes en España;Diciembre;2,46
Cádiz;No Residentes en España;Total;2,39
Cádiz;No Residentes en España;Enero;2,47
Cádiz;No Residentes en España;Febrero;2,48
Cádiz;No Residentes en España;Marzo;2,19
Cádiz;No Residentes en España;Abril;1,89
Cádiz;No Residentes en España;Mayo;2,38
Cádiz;No Residentes en España;Junio;2,52
Cádiz;No Residentes en España;Julio;2,98
Cádiz;No Residentes en España;Agosto;2,66
Cádiz;No Residentes en España;Septiembre;2,48
Cádiz;No Residentes en España;Octubre;2,14
Cádiz;No Residentes en España;Noviembre;1,88
Cádiz;No Residentes en España;Diciembre;2,35
Cantabria;Total;Total;2,48
Cantabria;Total;Enero;1,85
Cantabria;Total;Febrero;1,92
Cantabria;Total;Marzo;1,82
Cantabria;Total;Abril;2,26
Cantabria;Total;Mayo;2,05
Cantabria;Total;Junio;2,2
Cantabria;Total;Julio;2,82
Cantabria;Total;Agosto;3,26
Cantabria;Total;Septiembre;2,31
Cantabria;Total;Octubre;2,02
Cantabria;Total;Noviembre;2,08
Cantabria;Total;Diciembre;2,29
Cantabria;Residentes en España;Total;2,49
Cantabria;Residentes en España;Enero;1,85
Cantabria;Residentes en España;Febrero;1,9
Cantabria;Residentes en España;Marzo;1,82
Cantabria;Residentes en España;Abril;2,26
Cantabria;Residentes en España;Mayo;2,05
Cantabria;Residentes en España;Junio;2,15
Cantabria;Residentes en España;Julio;2,81
Cantabria;Residentes en España;Agosto;3,31
Cantabria;Residentes en España;Septiembre;2,34
Cantabria;Residentes en España;Octubre;2
Cantabria;Residentes en España;Noviembre;2,12
Cantabria;Residentes en España;Diciembre;2,26
Cantabria;No Residentes en España;Total;2,44
Cantabria;No Residentes en España;Enero;1,88
Cantabria;No Residentes en España;Febrero;2,2
Cantabria;No Residentes en España;Marzo;1,79
Cantabria;No Residentes en España;Abril;2,28
Cantabria;No Residentes en España;Mayo;2
Cantabria;No Residentes en España;Junio;2,48
Cantabria;No Residentes en España;Julio;2,9
Cantabria;No Residentes en España;Agosto;2,86
Cantabria;No Residentes en España;Septiembre;2,17
Cantabria;No Residentes en España;Octubre;2,13
Cantabria;No Residentes en España;Noviembre;1,77
Cantabria;No Residentes en España;Diciembre;2,71
Castellón;Total;Total;2,82
Castellón;Total;Enero;2,5
Castellón;Total;Febrero;2,21
Castellón;Total;Marzo;2,8
Castellón;Total;Abril;2,89
Castellón;Total;Mayo;2,35
Castellón;Total;Junio;2,46
Castellón;Total;Julio;3,46
Castellón;Total;Agosto;3,94
Castellón;Total;Septiembre;2,55
Castellón;Total;Octubre;2,46
Castellón;Total;Noviembre;2,52
Castellón;Total;Diciembre;2,66
Castellón;Residentes en España;Total;2,55
Castellón;Residentes en España;Enero;2,2
Castellón;Residentes en España;Febrero;2,04
Castellón;Residentes en España;Marzo;2,43
Castellón;Residentes en España;Abril;2,77
Castellón;Residentes en España;Mayo;2,17
Castellón;Residentes en España;Junio;2,27
Castellón;Residentes en España;Julio;2,73
Castellón;Residentes en España;Agosto;3,55
Castellón;Residentes en España;Septiembre;2,38
Castellón;Residentes en España;Octubre;2,27
Castellón;Residentes en España;Noviembre;2,3
Castellón;Residentes en España;Diciembre;2,54
Castellón;No Residentes en España;Total;10,05
Castellón;No Residentes en España;Enero;24,75
Castellón;No Residentes en España;Febrero;16,5
Castellón;No Residentes en España;Marzo;26,75
Castellón;No Residentes en España;Abril;8,43
Castellón;No Residentes en España;Mayo;11,85
Castellón;No Residentes en España;Junio;5,92
Castellón;No Residentes en España;Julio;11,05
Castellón;No Residentes en España;Agosto;8,69
Castellón;No Residentes en España;Septiembre;6,57
Castellón;No Residentes en España;Octubre;22
Castellón;No Residentes en España;Noviembre;15,65
Castellón;No Residentes en España;Diciembre;7,42
Ciudad Real;Total;Total;2,3
Ciudad Real;Total;Enero;1,99
Ciudad Real;Total;Febrero;2,28
Ciudad Real;Total;Marzo;2,55
Ciudad Real;Total;Abril;2,49
Ciudad Real;Total;Mayo;2,2
Ciudad Real;Total;Junio;2,02
Ciudad Real;Total;Julio;2,46
Ciudad Real;Total;Agosto;2,89
Ciudad Real;Total;Septiembre;1,99
Ciudad Real;Total;Octubre;2,07
Ciudad Real;Total;Noviembre;2,03
Ciudad Real;Total;Diciembre;2,28
Ciudad Real;Residentes en España;Total;2,13
Ciudad Real;Residentes en España;Enero;1,86
Ciudad Real;Residentes en España;Febrero;1,87
Ciudad Real;Residentes en España;Marzo;2,03
Ciudad Real;Residentes en España;Abril;2,17
Ciudad Real;Residentes en España;Mayo;1,92
Ciudad Real;Residentes en España;Junio;1,88
Ciudad Real;Residentes en España;Julio;2,47
Ciudad Real;Residentes en España;Agosto;2,88
Ciudad Real;Residentes en España;Septiembre;1,96
Ciudad Real;Residentes en España;Octubre;1,92
Ciudad Real;Residentes en España;Noviembre;1,8
Ciudad Real;Residentes en España;Diciembre;2,11
Ciudad Real;No Residentes en España;Total;7,94
Ciudad Real;No Residentes en España;Enero;3,5
Ciudad Real;No Residentes en España;Febrero;11,35
Ciudad Real;No Residentes en España;Marzo;16,68
Ciudad Real;No Residentes en España;Abril;15,76
Ciudad Real;No Residentes en España;Mayo;8,5
Ciudad Real;No Residentes en España;Junio;6,67
Ciudad Real;No Residentes en España;Julio;1,76
Ciudad Real;No Residentes en España;Agosto;3,13
Ciudad Real;No Residentes en España;Septiembre;3,38
Ciudad Real;No Residentes en España;Octubre;7,88
Ciudad Real;No Residentes en España;Noviembre;15,77
Ciudad Real;No Residentes en España;Diciembre;27,3
Córdoba;Total;Total;2,94
Córdoba;Total;Enero;2,45
Córdoba;Total;Febrero;2,45
Córdoba;Total;Marzo;2,2
Córdoba;Total;Abril;2,62
Córdoba;Total;Mayo;2,38
Córdoba;Total;Junio;2,66
Córdoba;Total;Julio;3,97
Córdoba;Total;Agosto;4,7
Córdoba;Total;Septiembre;2,24
Córdoba;Total;Octubre;2,49
Córdoba;Total;Noviembre;2,14
Córdoba;Total;Diciembre;2,62
Córdoba;Residentes en España;Total;2,71
Córdoba;Residentes en España;Enero;2,3
Córdoba;Residentes en España;Febrero;2,41
Córdoba;Residentes en España;Marzo;2,03
Córdoba;Residentes en España;Abril;2,67
Córdoba;Residentes en España;Mayo;2,25
Córdoba;Residentes en España;Junio;2,23
Córdoba;Residentes en España;Julio;3,36
Córdoba;Residentes en España;Agosto;4,4
Córdoba;Residentes en España;Septiembre;2,09
Córdoba;Residentes en España;Octubre;2,36
Córdoba;Residentes en España;Noviembre;2,02
Córdoba;Residentes en España;Diciembre;2,56
Córdoba;No Residentes en España;Total;4,35
Córdoba;No Residentes en España;Enero;3,71
Córdoba;No Residentes en España;Febrero;3,69
Córdoba;No Residentes en España;Marzo;2,87
Córdoba;No Residentes en España;Abril;2,41
Córdoba;No Residentes en España;Mayo;2,87
Córdoba;No Residentes en España;Junio;4,76
Córdoba;No Residentes en España;Julio;8,02
Córdoba;No Residentes en España;Agosto;6,4
Córdoba;No Residentes en España;Septiembre;3,1
Córdoba;No Residentes en España;Octubre;3,06
Córdoba;No Residentes en España;Noviembre;3,74
Córdoba;No Residentes en España;Diciembre;6,6
Coruña, A;Total;Total;1,6
Coruña, A;Total;Enero;1,44
Coruña, A;Total;Febrero;1,39
Coruña, A;Total;Marzo;1,36
Coruña, A;Total;Abril;1,39
Coruña, A;Total;Mayo;1,23
Coruña, A;Total;Junio;1,36
Coruña, A;Total;Julio;1,86
Coruña, A;Total;Agosto;2,21
Coruña, A;Total;Septiembre;1,41
Coruña, A;Total;Octubre;1,34
Coruña, A;Total;Noviembre;1,62
Coruña, A;Total;Diciembre;1,62
Coruña, A;Residentes en España;Total;1,73
Coruña, A;Residentes en España;Enero;1,44
Coruña, A;Residentes en España;Febrero;1,43
Coruña, A;Residentes en España;Marzo;1,35
Coruña, A;Residentes en España;Abril;1,51
Coruña, A;Residentes en España;Mayo;1,32
Coruña, A;Residentes en España;Junio;1,45
Coruña, A;Residentes en España;Julio;1,94
Coruña, A;Residentes en España;Agosto;2,29
Coruña, A;Residentes en España;Septiembre;1,57
Coruña, A;Residentes en España;Octubre;1,42
Coruña, A;Residentes en España;Noviembre;1,56
Coruña, A;Residentes en España;Diciembre;1,71
Coruña, A;No Residentes en España;Total;1,42
Coruña, A;No Residentes en España;Enero;1,25
Coruña, A;No Residentes en España;Febrero;1,22
Coruña, A;No Residentes en España;Marzo;1,41
Coruña, A;No Residentes en España;Abril;1,2
Coruña, A;No Residentes en España;Mayo;1,16
Coruña, A;No Residentes en España;Junio;1,25
Coruña, A;No Residentes en España;Julio;1,73
Coruña, A;No Residentes en España;Agosto;2,03
Coruña, A;No Residentes en España;Septiembre;1,25
Coruña, A;No Residentes en España;Octubre;1,25
Coruña, A;No Residentes en España;Noviembre;1,78
Coruña, A;No Residentes en España;Diciembre;1,21
Cuenca;Total;Total;2,81
Cuenca;Total;Enero;3,72
Cuenca;Total;Febrero;2,71
Cuenca;Total;Marzo;2,57
Cuenca;Total;Abril;2,95
Cuenca;Total;Mayo;2,78
Cuenca;Total;Junio;2,41
Cuenca;Total;Julio;2,52
Cuenca;Total;Agosto;3,95
Cuenca;Total;Septiembre;2,79
Cuenca;Total;Octubre;2,75
Cuenca;Total;Noviembre;2,5
Cuenca;Total;Diciembre;2,41
Cuenca;Residentes en España;Total;2,72
Cuenca;Residentes en España;Enero;3,72
Cuenca;Residentes en España;Febrero;2,59
Cuenca;Residentes en España;Marzo;2,57
Cuenca;Residentes en España;Abril;2,99
Cuenca;Residentes en España;Mayo;2,86
Cuenca;Residentes en España;Junio;2,41
Cuenca;Residentes en España;Julio;2,57
Cuenca;Residentes en España;Agosto;3,76
Cuenca;Residentes en España;Septiembre;2,45
Cuenca;Residentes en España;Octubre;2,45
Cuenca;Residentes en España;Noviembre;2,38
Cuenca;Residentes en España;Diciembre;2,42
Cuenca;No Residentes en España;Total;4,59
Cuenca;No Residentes en España;Enero;0
Cuenca;No Residentes en España;Febrero;9,26
Cuenca;No Residentes en España;Marzo;3,15
Cuenca;No Residentes en España;Abril;1,98
Cuenca;No Residentes en España;Mayo;1,65
Cuenca;No Residentes en España;Junio;2,15
Cuenca;No Residentes en España;Julio;1,65
Cuenca;No Residentes en España;Agosto;6,54
Cuenca;No Residentes en España;Septiembre;7,8
Cuenca;No Residentes en España;Octubre;6,91
Cuenca;No Residentes en España;Noviembre;5,37
Cuenca;No Residentes en España;Diciembre;2,24
Gipuzkoa;Total;Total;2,72
Gipuzkoa;Total;Enero;2,52
Gipuzkoa;Total;Febrero;2,47
Gipuzkoa;Total;Marzo;2,23
Gipuzkoa;Total;Abril;2,55
Gipuzkoa;Total;Mayo;2,43
Gipuzkoa;Total;Junio;2,48
Gipuzkoa;Total;Julio;3,4
Gipuzkoa;Total;Agosto;3,62
Gipuzkoa;Total;Septiembre;2,44
Gipuzkoa;Total;Octubre;2,18
Gipuzkoa;Total;Noviembre;2,3
Gipuzkoa;Total;Diciembre;2,39
Gipuzkoa;Residentes en España;Total;2,77
Gipuzkoa;Residentes en España;Enero;2,02
Gipuzkoa;Residentes en España;Febrero;2,18
Gipuzkoa;Residentes en España;Marzo;2,19
Gipuzkoa;Residentes en España;Abril;2,62
Gipuzkoa;Residentes en España;Mayo;2,5
Gipuzkoa;Residentes en España;Junio;2,5
Gipuzkoa;Residentes en España;Julio;3,43
Gipuzkoa;Residentes en España;Agosto;3,89
Gipuzkoa;Residentes en España;Septiembre;2,51
Gipuzkoa;Residentes en España;Octubre;2,25
Gipuzkoa;Residentes en España;Noviembre;2,28
Gipuzkoa;Residentes en España;Diciembre;2,38
Gipuzkoa;No Residentes en España;Total;2,59
Gipuzkoa;No Residentes en España;Enero;6,06
Gipuzkoa;No Residentes en España;Febrero;4,22
Gipuzkoa;No Residentes en España;Marzo;2,44
Gipuzkoa;No Residentes en España;Abril;2,22
Gipuzkoa;No Residentes en España;Mayo;2,3
Gipuzkoa;No Residentes en España;Junio;2,42
Gipuzkoa;No Residentes en España;Julio;3,33
Gipuzkoa;No Residentes en España;Agosto;2,72
Gipuzkoa;No Residentes en España;Septiembre;2,29
Gipuzkoa;No Residentes en España;Octubre;2,01
Gipuzkoa;No Residentes en España;Noviembre;2,38
Gipuzkoa;No Residentes en España;Diciembre;2,44
Girona;Total;Total;2,68
Girona;Total;Enero;2,15
Girona;Total;Febrero;2,18
Girona;Total;Marzo;1,99
Girona;Total;Abril;2,4
Girona;Total;Mayo;2,07
Girona;Total;Junio;2,29
Girona;Total;Julio;3,32
Girona;Total;Agosto;4,65
Girona;Total;Septiembre;2,21
Girona;Total;Octubre;2,11
Girona;Total;Noviembre;2,08
Girona;Total;Diciembre;2,42
Girona;Residentes en España;Total;2,48
Girona;Residentes en España;Enero;2,1
Girona;Residentes en España;Febrero;1,99
Girona;Residentes en España;Marzo;1,8
Girona;Residentes en España;Abril;2,38
Girona;Residentes en España;Mayo;1,95
Girona;Residentes en España;Junio;2,24
Girona;Residentes en España;Julio;2,84
Girona;Residentes en España;Agosto;4,48
Girona;Residentes en España;Septiembre;2,12
Girona;Residentes en España;Octubre;2,1
Girona;Residentes en España;Noviembre;2,07
Girona;Residentes en España;Diciembre;2,4
Girona;No Residentes en España;Total;3,55
Girona;No Residentes en España;Enero;3,3
Girona;No Residentes en España;Febrero;5,47
Girona;No Residentes en España;Marzo;6,26
Girona;No Residentes en España;Abril;2,49
Girona;No Residentes en España;Mayo;2,62
Girona;No Residentes en España;Junio;2,52
Girona;No Residentes en España;Julio;4,33
Girona;No Residentes en España;Agosto;5,08
Girona;No Residentes en España;Septiembre;2,55
Girona;No Residentes en España;Octubre;2,15
Girona;No Residentes en España;Noviembre;2,13
Girona;No Residentes en España;Diciembre;2,53
Granada;Total;Total;2,56
Granada;Total;Enero;2,4
Granada;Total;Febrero;2,12
Granada;Total;Marzo;2,14
Granada;Total;Abril;2,37
Granada;Total;Mayo;2,34
Granada;Total;Junio;2,42
Granada;Total;Julio;3,07
Granada;Total;Agosto;3,77
Granada;Total;Septiembre;2,61
Granada;Total;Octubre;2,44
Granada;Total;Noviembre;1,86
Granada;Total;Diciembre;2,07
Granada;Residentes en España;Total;2,11
Granada;Residentes en España;Enero;2,05
Granada;Residentes en España;Febrero;1,85
Granada;Residentes en España;Marzo;1,98
Granada;Residentes en España;Abril;2,16
Granada;Residentes en España;Mayo;1,8
Granada;Residentes en España;Junio;1,62
Granada;Residentes en España;Julio;2,39
Granada;Residentes en España;Agosto;3,26
Granada;Residentes en España;Septiembre;1,92
Granada;Residentes en España;Octubre;1,68
Granada;Residentes en España;Noviembre;1,67
Granada;Residentes en España;Diciembre;2,07
Granada;No Residentes en España;Total;3,49
Granada;No Residentes en España;Enero;3,72
Granada;No Residentes en España;Febrero;3,47
Granada;No Residentes en España;Marzo;2,6
Granada;No Residentes en España;Abril;3,04
Granada;No Residentes en España;Mayo;3,01
Granada;No Residentes en España;Junio;3,31
Granada;No Residentes en España;Julio;4,38
Granada;No Residentes en España;Agosto;4,87
Granada;No Residentes en España;Septiembre;3,4
Granada;No Residentes en España;Octubre;3,48
Granada;No Residentes en España;Noviembre;2,33
Granada;No Residentes en España;Diciembre;2,12
Guadalajara;Total;Total;2,39
Guadalajara;Total;Enero;2,47
Guadalajara;Total;Febrero;1,84
Guadalajara;Total;Marzo;1,78
Guadalajara;Total;Abril;2,21
Guadalajara;Total;Mayo;2,21
Guadalajara;Total;Junio;2,43
Guadalajara;Total;Julio;2,67
Guadalajara;Total;Agosto;3,34
Guadalajara;Total;Septiembre;2,18
Guadalajara;Total;Octubre;2,23
Guadalajara;Total;Noviembre;2,22
Guadalajara;Total;Diciembre;2,54
Guadalajara;Residentes en España;Total;2,4
Guadalajara;Residentes en España;Enero;2,52
Guadalajara;Residentes en España;Febrero;1,86
Guadalajara;Residentes en España;Marzo;1,75
Guadalajara;Residentes en España;Abril;2,23
Guadalajara;Residentes en España;Mayo;2,27
Guadalajara;Residentes en España;Junio;2,47
Guadalajara;Residentes en España;Julio;2,66
Guadalajara;Residentes en España;Agosto;3,35
Guadalajara;Residentes en España;Septiembre;2,19
Guadalajara;Residentes en España;Octubre;2,17
Guadalajara;Residentes en España;Noviembre;2,26
Guadalajara;Residentes en España;Diciembre;2,58
Guadalajara;No Residentes en España;Total;2,21
Guadalajara;No Residentes en España;Enero;1,34
Guadalajara;No Residentes en España;Febrero;1,53
Guadalajara;No Residentes en España;Marzo;3,3
Guadalajara;No Residentes en España;Abril;1,93
Guadalajara;No Residentes en España;Mayo;1,46
Guadalajara;No Residentes en España;Junio;1,93
Guadalajara;No Residentes en España;Julio;2,9
Guadalajara;No Residentes en España;Agosto;3,14
Guadalajara;No Residentes en España;Septiembre;2,05
Guadalajara;No Residentes en España;Octubre;3,58
Guadalajara;No Residentes en España;Noviembre;1,65
Guadalajara;No Residentes en España;Diciembre;1,67
Huelva;Total;Total;2,66
Huelva;Total;Enero;2,12
Huelva;Total;Febrero;2,49
Huelva;Total;Marzo;2,66
Huelva;Total;Abril;3,39
Huelva;Total;Mayo;2,62
Huelva;Total;Junio;3,25
Huelva;Total;Julio;2,96
Huelva;Total;Agosto;3,69
Huelva;Total;Septiembre;2,54
Huelva;Total;Octubre;1,9
Huelva;Total;Noviembre;1,84
Huelva;Total;Diciembre;2,46
Huelva;Residentes en España;Total;2,52
Huelva;Residentes en España;Enero;2,13
Huelva;Residentes en España;Febrero;2,3
Huelva;Residentes en España;Marzo;2,38
Huelva;Residentes en España;Abril;3,39
Huelva;Residentes en España;Mayo;2,33
Huelva;Residentes en España;Junio;3,28
Huelva;Residentes en España;Julio;2,87
Huelva;Residentes en España;Agosto;3,52
Huelva;Residentes en España;Septiembre;2,41
Huelva;Residentes en España;Octubre;1,75
Huelva;Residentes en España;Noviembre;1,81
Huelva;Residentes en España;Diciembre;2,3
Huelva;No Residentes en España;Total;4,04
Huelva;No Residentes en España;Enero;1,78
Huelva;No Residentes en España;Febrero;5,96
Huelva;No Residentes en España;Marzo;4,55
Huelva;No Residentes en España;Abril;3,4
Huelva;No Residentes en España;Mayo;4,28
Huelva;No Residentes en España;Junio;2,99
Huelva;No Residentes en España;Julio;4,86
Huelva;No Residentes en España;Agosto;5,67
Huelva;No Residentes en España;Septiembre;3,47
Huelva;No Residentes en España;Octubre;3,5
Huelva;No Residentes en España;Noviembre;2,37
Huelva;No Residentes en España;Diciembre;6
Huesca;Total;Total;3,04
Huesca;Total;Enero;2,81
Huesca;Total;Febrero;2,52
Huesca;Total;Marzo;2,36
Huesca;Total;Abril;2,78
Huesca;Total;Mayo;2,63
Huesca;Total;Junio;2,7
Huesca;Total;Julio;3,59
Huesca;Total;Agosto;4,12
Huesca;Total;Septiembre;2,6
Huesca;Total;Octubre;2,65
Huesca;Total;Noviembre;2,39
Huesca;Total;Diciembre;2,97
Huesca;Residentes en España;Total;3,04
Huesca;Residentes en España;Enero;2,86
Huesca;Residentes en España;Febrero;2,48
Huesca;Residentes en España;Marzo;2,38
Huesca;Residentes en España;Abril;2,77
Huesca;Residentes en España;Mayo;2,59
Huesca;Residentes en España;Junio;2,73
Huesca;Residentes en España;Julio;3,58
Huesca;Residentes en España;Agosto;4,28
Huesca;Residentes en España;Septiembre;2,71
Huesca;Residentes en España;Octubre;2,71
Huesca;Residentes en España;Noviembre;2,45
Huesca;Residentes en España;Diciembre;2,95
Huesca;No Residentes en España;Total;3,02
Huesca;No Residentes en España;Enero;2,08
Huesca;No Residentes en España;Febrero;3,15
Huesca;No Residentes en España;Marzo;1,79
Huesca;No Residentes en España;Abril;2,96
Huesca;No Residentes en España;Mayo;2,77
Huesca;No Residentes en España;Junio;2,59
Huesca;No Residentes en España;Julio;3,64
Huesca;No Residentes en España;Agosto;3,58
Huesca;No Residentes en España;Septiembre;2,08
Huesca;No Residentes en España;Octubre;2,08
Huesca;No Residentes en España;Noviembre;1,7
Huesca;No Residentes en España;Diciembre;4,32
Jaén;Total;Total;2,7
Jaén;Total;Enero;2,52
Jaén;Total;Febrero;2,01
Jaén;Total;Marzo;2,19
Jaén;Total;Abril;2,45
Jaén;Total;Mayo;2,22
Jaén;Total;Junio;2,52
Jaén;Total;Julio;2,88
Jaén;Total;Agosto;4,07
Jaén;Total;Septiembre;2,91
Jaén;Total;Octubre;2,43
Jaén;Total;Noviembre;2,38
Jaén;Total;Diciembre;2,42
Jaén;Residentes en España;Total;2,65
Jaén;Residentes en España;Enero;2,51
Jaén;Residentes en España;Febrero;1,99
Jaén;Residentes en España;Marzo;2,2
Jaén;Residentes en España;Abril;2,48
Jaén;Residentes en España;Mayo;2,01
Jaén;Residentes en España;Junio;2,43
Jaén;Residentes en España;Julio;2,9
Jaén;Residentes en España;Agosto;3,92
Jaén;Residentes en España;Septiembre;2,88
Jaén;Residentes en España;Octubre;2,37
Jaén;Residentes en España;Noviembre;2,42
Jaén;Residentes en España;Diciembre;2,4
Jaén;No Residentes en España;Total;3,35
Jaén;No Residentes en España;Enero;4
Jaén;No Residentes en España;Febrero;2,44
Jaén;No Residentes en España;Marzo;1,5
Jaén;No Residentes en España;Abril;2,05
Jaén;No Residentes en España;Mayo;3,59
Jaén;No Residentes en España;Junio;3,53
Jaén;No Residentes en España;Julio;2,6
Jaén;No Residentes en España;Agosto;5,03
Jaén;No Residentes en España;Septiembre;3,09
Jaén;No Residentes en España;Octubre;2,91
Jaén;No Residentes en España;Noviembre;1,75
Jaén;No Residentes en España;Diciembre;3,51
León;Total;Total;2,33
León;Total;Enero;2,74
León;Total;Febrero;2,73
León;Total;Marzo;2,15
León;Total;Abril;2,33
León;Total;Mayo;1,77
León;Total;Junio;1,89
León;Total;Julio;2,58
León;Total;Agosto;3,21
León;Total;Septiembre;1,86
León;Total;Octubre;1,91
León;Total;Noviembre;2,13
León;Total;Diciembre;2,46
León;Residentes en España;Total;2,5
León;Residentes en España;Enero;2,75
León;Residentes en España;Febrero;2,76
León;Residentes en España;Marzo;2,18
León;Residentes en España;Abril;2,47
León;Residentes en España;Mayo;1,99
León;Residentes en España;Junio;2,09
León;Residentes en España;Julio;2,74
León;Residentes en España;Agosto;3,42
León;Residentes en España;Septiembre;2,08
León;Residentes en España;Octubre;1,97
León;Residentes en España;Noviembre;2,14
León;Residentes en España;Diciembre;2,46
León;No Residentes en España;Total;1,44
León;No Residentes en España;Enero;2,45
León;No Residentes en España;Febrero;2,09
León;No Residentes en España;Marzo;1,44
León;No Residentes en España;Abril;1,36
León;No Residentes en España;Mayo;1,18
León;No Residentes en España;Junio;1,28
León;No Residentes en España;Julio;1,7
León;No Residentes en España;Agosto;1,65
León;No Residentes en España;Septiembre;1,35
León;No Residentes en España;Octubre;1,45
León;No Residentes en España;Noviembre;2,03
León;No Residentes en España;Diciembre;2,33
Lleida;Total;Total;2,63
Lleida;Total;Enero;2,5
Lleida;Total;Febrero;2,06
Lleida;Total;Marzo;1,92
Lleida;Total;Abril;2,5
Lleida;Total;Mayo;2,1
Lleida;Total;Junio;2,46
Lleida;Total;Julio;2,75
Lleida;Total;Agosto;4,4
Lleida;Total;Septiembre;2,05
Lleida;Total;Octubre;2,45
Lleida;Total;Noviembre;2,07
Lleida;Total;Diciembre;2,72
Lleida;Residentes en España;Total;2,58
Lleida;Residentes en España;Enero;2,49
Lleida;Residentes en España;Febrero;2,03
Lleida;Residentes en España;Marzo;1,92
Lleida;Residentes en España;Abril;2,5
Lleida;Residentes en España;Mayo;2,09
Lleida;Residentes en España;Junio;2,44
Lleida;Residentes en España;Julio;2,6
Lleida;Residentes en España;Agosto;4,5
Lleida;Residentes en España;Septiembre;2,03
Lleida;Residentes en España;Octubre;2,3
Lleida;Residentes en España;Noviembre;2,09
Lleida;Residentes en España;Diciembre;2,71
Lleida;No Residentes en España;Total;3,39
Lleida;No Residentes en España;Enero;2,96
Lleida;No Residentes en España;Febrero;3,51
Lleida;No Residentes en España;Marzo;2
Lleida;No Residentes en España;Abril;2,4
Lleida;No Residentes en España;Mayo;2,25
Lleida;No Residentes en España;Junio;2,75
Lleida;No Residentes en España;Julio;4,15
Lleida;No Residentes en España;Agosto;3,93
Lleida;No Residentes en España;Septiembre;2,23
Lleida;No Residentes en España;Octubre;3,93
Lleida;No Residentes en España;Noviembre;1,92
Lleida;No Residentes en España;Diciembre;3
Lugo;Total;Total;1,86
Lugo;Total;Enero;1,98
Lugo;Total;Febrero;1,89
Lugo;Total;Marzo;1,75
Lugo;Total;Abril;1,66
Lugo;Total;Mayo;1,32
Lugo;Total;Junio;1,49
Lugo;Total;Julio;2,16
Lugo;Total;Agosto;2,45
Lugo;Total;Septiembre;1,68
Lugo;Total;Octubre;1,49
Lugo;Total;Noviembre;1,58
Lugo;Total;Diciembre;2,26
Lugo;Residentes en España;Total;2,08
Lugo;Residentes en España;Enero;2,01
Lugo;Residentes en España;Febrero;1,88
Lugo;Residentes en España;Marzo;1,75
Lugo;Residentes en España;Abril;1,76
Lugo;Residentes en España;Mayo;1,49
Lugo;Residentes en España;Junio;1,71
Lugo;Residentes en España;Julio;2,36
Lugo;Residentes en España;Agosto;2,68
Lugo;Residentes en España;Septiembre;1,97
Lugo;Residentes en España;Octubre;1,7
Lugo;Residentes en España;Noviembre;1,67
Lugo;Residentes en España;Diciembre;2,26
Lugo;No Residentes en España;Total;1,35
Lugo;No Residentes en España;Enero;1,65
Lugo;No Residentes en España;Febrero;2,14
Lugo;No Residentes en España;Marzo;1,53
Lugo;No Residentes en España;Abril;1,34
Lugo;No Residentes en España;Mayo;1,1
Lugo;No Residentes en España;Junio;1,13
Lugo;No Residentes en España;Julio;1,65
Lugo;No Residentes en España;Agosto;1,73
Lugo;No Residentes en España;Septiembre;1,22
Lugo;No Residentes en España;Octubre;1,14
Lugo;No Residentes en España;Noviembre;1,05
Lugo;No Residentes en España;Diciembre;2,32
Madrid;Total;Total;1,95
Madrid;Total;Enero;1,86
Madrid;Total;Febrero;1,81
Madrid;Total;Marzo;1,77
Madrid;Total;Abril;1,89
Madrid;Total;Mayo;1,95
Madrid;Total;Junio;1,93
Madrid;Total;Julio;2,09
Madrid;Total;Agosto;2,53
Madrid;Total;Septiembre;1,77
Madrid;Total;Octubre;1,79
Madrid;Total;Noviembre;1,82
Madrid;Total;Diciembre;2,13
Madrid;Residentes en España;Total;1,94
Madrid;Residentes en España;Enero;1,86
Madrid;Residentes en España;Febrero;1,79
Madrid;Residentes en España;Marzo;1,77
Madrid;Residentes en España;Abril;1,88
Madrid;Residentes en España;Mayo;1,97
Madrid;Residentes en España;Junio;1,9
Madrid;Residentes en España;Julio;2,07
Madrid;Residentes en España;Agosto;2,44
Madrid;Residentes en España;Septiembre;1,77
Madrid;Residentes en España;Octubre;1,79
Madrid;Residentes en España;Noviembre;1,82
Madrid;Residentes en España;Diciembre;2,15
Madrid;No Residentes en España;Total;2,16
Madrid;No Residentes en España;Enero;1,88
Madrid;No Residentes en España;Febrero;2,63
Madrid;No Residentes en España;Marzo;1,76
Madrid;No Residentes en España;Abril;1,97
Madrid;No Residentes en España;Mayo;1,77
Madrid;No Residentes en España;Junio;2,29
Madrid;No Residentes en España;Julio;2,43
Madrid;No Residentes en España;Agosto;3,78
Madrid;No Residentes en España;Septiembre;1,69
Madrid;No Residentes en España;Octubre;1,76
Madrid;No Residentes en España;Noviembre;1,81
Madrid;No Residentes en España;Diciembre;2,02
Málaga;Total;Total;4,27
Málaga;Total;Enero;4,43
Málaga;Total;Febrero;3,34
Málaga;Total;Marzo;3,9
Málaga;Total;Abril;3,84
Málaga;Total;Mayo;3,31
Málaga;Total;Junio;4,3
Málaga;Total;Julio;5,5
Málaga;Total;Agosto;5,24
Málaga;Total;Septiembre;4,2
Málaga;Total;Octubre;3,87
Málaga;Total;Noviembre;3,07
Málaga;Total;Diciembre;2,83
Málaga;Residentes en España;Total;3,25
Málaga;Residentes en España;Enero;2,99
Málaga;Residentes en España;Febrero;2,57
Málaga;Residentes en España;Marzo;2,24
Málaga;Residentes en España;Abril;2,81
Málaga;Residentes en España;Mayo;2,25
Málaga;Residentes en España;Junio;2,95
Málaga;Residentes en España;Julio;4,87
Málaga;Residentes en España;Agosto;4,11
Málaga;Residentes en España;Septiembre;3,17
Málaga;Residentes en España;Octubre;2,31
Málaga;Residentes en España;Noviembre;2,39
Málaga;Residentes en España;Diciembre;2,53
Málaga;No Residentes en España;Total;5,46
Málaga;No Residentes en España;Enero;6,34
Málaga;No Residentes en España;Febrero;4,54
Málaga;No Residentes en España;Marzo;4,97
Málaga;No Residentes en España;Abril;4,92
Málaga;No Residentes en España;Mayo;4,08
Málaga;No Residentes en España;Junio;5,86
Málaga;No Residentes en España;Julio;6,26
Málaga;No Residentes en España;Agosto;6,65
Málaga;No Residentes en España;Septiembre;5,05
Málaga;No Residentes en España;Octubre;5,56
Málaga;No Residentes en España;Noviembre;4,4
Málaga;No Residentes en España;Diciembre;4,08
Murcia;Total;Total;2,81
Murcia;Total;Enero;2,59
Murcia;Total;Febrero;2,32
Murcia;Total;Marzo;2,24
Murcia;Total;Abril;2,41
Murcia;Total;Mayo;2,36
Murcia;Total;Junio;2,47
Murcia;Total;Julio;4,41
Murcia;Total;Agosto;5,78
Murcia;Total;Septiembre;2,55
Murcia;Total;Octubre;2,2
Murcia;Total;Noviembre;1,9
Murcia;Total;Diciembre;2,14
Murcia;Residentes en España;Total;2,71
Murcia;Residentes en España;Enero;2,61
Murcia;Residentes en España;Febrero;2,27
Murcia;Residentes en España;Marzo;2,17
Murcia;Residentes en España;Abril;2,34
Murcia;Residentes en España;Mayo;2,3
Murcia;Residentes en España;Junio;2,36
Murcia;Residentes en España;Julio;4,14
Murcia;Residentes en España;Agosto;5,5
Murcia;Residentes en España;Septiembre;2,45
Murcia;Residentes en España;Octubre;2,02
Murcia;Residentes en España;Noviembre;1,84
Murcia;Residentes en España;Diciembre;2,14
Murcia;No Residentes en España;Total;3,89
Murcia;No Residentes en España;Enero;2,38
Murcia;No Residentes en España;Febrero;2,85
Murcia;No Residentes en España;Marzo;2,96
Murcia;No Residentes en España;Abril;2,98
Murcia;No Residentes en España;Mayo;2,9
Murcia;No Residentes en España;Junio;3,64
Murcia;No Residentes en España;Julio;7,13
Murcia;No Residentes en España;Agosto;8,42
Murcia;No Residentes en España;Septiembre;4,36
Murcia;No Residentes en España;Octubre;5,03
Murcia;No Residentes en España;Noviembre;2,32
Murcia;No Residentes en España;Diciembre;2,04
Navarra;Total;Total;3,3
Navarra;Total;Enero;3,05
Navarra;Total;Febrero;3,09
Navarra;Total;Marzo;2,96
Navarra;Total;Abril;3,27
Navarra;Total;Mayo;2,62
Navarra;Total;Junio;2,71
Navarra;Total;Julio;3,86
Navarra;Total;Agosto;5,11
Navarra;Total;Septiembre;2,81
Navarra;Total;Octubre;2,74
Navarra;Total;Noviembre;2,62
Navarra;Total;Diciembre;2,99
Navarra;Residentes en España;Total;3,12
Navarra;Residentes en España;Enero;2,52
Navarra;Residentes en España;Febrero;2,69
Navarra;Residentes en España;Marzo;2,51
Navarra;Residentes en España;Abril;3,12
Navarra;Residentes en España;Mayo;2,34
Navarra;Residentes en España;Junio;2,59
Navarra;Residentes en España;Julio;3,69
Navarra;Residentes en España;Agosto;5
Navarra;Residentes en España;Septiembre;2,76
Navarra;Residentes en España;Octubre;2,66
Navarra;Residentes en España;Noviembre;2,4
Navarra;Residentes en España;Diciembre;2,8
Navarra;No Residentes en España;Total;4,89
Navarra;No Residentes en España;Enero;9,56
Navarra;No Residentes en España;Febrero;10,79
Navarra;No Residentes en España;Marzo;7,85
Navarra;No Residentes en España;Abril;6,17
Navarra;No Residentes en España;Mayo;4,08
Navarra;No Residentes en España;Junio;3,5
Navarra;No Residentes en España;Julio;4,97
Navarra;No Residentes en España;Agosto;6,33
Navarra;No Residentes en España;Septiembre;3,09
Navarra;No Residentes en España;Octubre;3,54
Navarra;No Residentes en España;Noviembre;5,09
Navarra;No Residentes en España;Diciembre;6,65
Ourense;Total;Total;1,86
Ourense;Total;Enero;1,42
Ourense;Total;Febrero;1,5
Ourense;Total;Marzo;1,5
Ourense;Total;Abril;1,99
Ourense;Total;Mayo;1,57
Ourense;Total;Junio;1,68
Ourense;Total;Julio;1,98
Ourense;Total;Agosto;2,39
Ourense;Total;Septiembre;1,85
Ourense;Total;Octubre;1,7
Ourense;Total;Noviembre;1,49
Ourense;Total;Diciembre;1,77
Ourense;Residentes en España;Total;1,87
Ourense;Residentes en España;Enero;1,42
Ourense;Residentes en España;Febrero;1,51
Ourense;Residentes en España;Marzo;1,49
Ourense;Residentes en España;Abril;2,04
Ourense;Residentes en España;Mayo;1,6
Ourense;Residentes en España;Junio;1,7
Ourense;Residentes en España;Julio;1,97
Ourense;Residentes en España;Agosto;2,4
Ourense;Residentes en España;Septiembre;1,88
Ourense;Residentes en España;Octubre;1,71
Ourense;Residentes en España;Noviembre;1,52
Ourense;Residentes en España;Diciembre;1,79
Ourense;No Residentes en España;Total;1,78
Ourense;No Residentes en España;Enero;1,53
Ourense;No Residentes en España;Febrero;1,23
Ourense;No Residentes en España;Marzo;1,64
Ourense;No Residentes en España;Abril;1,7
Ourense;No Residentes en España;Mayo;1,4
Ourense;No Residentes en España;Junio;1,55
Ourense;No Residentes en España;Julio;2,03
Ourense;No Residentes en España;Agosto;2,32
Ourense;No Residentes en España;Septiembre;1,68
Ourense;No Residentes en España;Octubre;1,59
Ourense;No Residentes en España;Noviembre;1,24
Ourense;No Residentes en España;Diciembre;1,47
Palencia;Total;Total;2,41
Palencia;Total;Enero;2,04
Palencia;Total;Febrero;2,25
Palencia;Total;Marzo;2,08
Palencia;Total;Abril;2,49
Palencia;Total;Mayo;1,93
Palencia;Total;Junio;1,89
Palencia;Total;Julio;2,66
Palencia;Total;Agosto;3,5
Palencia;Total;Septiembre;1,84
Palencia;Total;Octubre;2,03
Palencia;Total;Noviembre;2,23
Palencia;Total;Diciembre;2,75
Palencia;Residentes en España;Total;2,49
Palencia;Residentes en España;Enero;2,05
Palencia;Residentes en España;Febrero;2,15
Palencia;Residentes en España;Marzo;1,87
Palencia;Residentes en España;Abril;2,49
Palencia;Residentes en España;Mayo;2,02
Palencia;Residentes en España;Junio;1,97
Palencia;Residentes en España;Julio;2,69
Palencia;Residentes en España;Agosto;3,76
Palencia;Residentes en España;Septiembre;2,07
Palencia;Residentes en España;Octubre;2,05
Palencia;Residentes en España;Noviembre;2,24
Palencia;Residentes en España;Diciembre;2,78
Palencia;No Residentes en España;Total;1,78
Palencia;No Residentes en España;Enero;1,72
Palencia;No Residentes en España;Febrero;5,14
Palencia;No Residentes en España;Marzo;3,99
Palencia;No Residentes en España;Abril;2,45
Palencia;No Residentes en España;Mayo;1,33
Palencia;No Residentes en España;Junio;1,19
Palencia;No Residentes en España;Julio;2,43
Palencia;No Residentes en España;Agosto;1,56
Palencia;No Residentes en España;Septiembre;1,2
Palencia;No Residentes en España;Octubre;1,83
Palencia;No Residentes en España;Noviembre;1,61
Palencia;No Residentes en España;Diciembre;1,06
Palmas, Las;Total;Total;3,42
Palmas, Las;Total;Enero;3,36
Palmas, Las;Total;Febrero;3,2
Palmas, Las;Total;Marzo;3,33
Palmas, Las;Total;Abril;3,76
Palmas, Las;Total;Mayo;3,07
Palmas, Las;Total;Junio;3,32
Palmas, Las;Total;Julio;3,68
Palmas, Las;Total;Agosto;4,06
Palmas, Las;Total;Septiembre;3,24
Palmas, Las;Total;Octubre;3,19
Palmas, Las;Total;Noviembre;3,5
Palmas, Las;Total;Diciembre;3,38
Palmas, Las;Residentes en España;Total;2,86
Palmas, Las;Residentes en España;Enero;2,49
Palmas, Las;Residentes en España;Febrero;2,41
Palmas, Las;Residentes en España;Marzo;2,31
Palmas, Las;Residentes en España;Abril;3,05
Palmas, Las;Residentes en España;Mayo;2,65
Palmas, Las;Residentes en España;Junio;2,74
Palmas, Las;Residentes en España;Julio;3,23
Palmas, Las;Residentes en España;Agosto;3,71
Palmas, Las;Residentes en España;Septiembre;2,82
Palmas, Las;Residentes en España;Octubre;2,4
Palmas, Las;Residentes en España;Noviembre;2,75
Palmas, Las;Residentes en España;Diciembre;2,8
Palmas, Las;No Residentes en España;Total;3,77
Palmas, Las;No Residentes en España;Enero;3,83
Palmas, Las;No Residentes en España;Febrero;3,44
Palmas, Las;No Residentes en España;Marzo;3,6
Palmas, Las;No Residentes en España;Abril;4,14
Palmas, Las;No Residentes en España;Mayo;3,45
Palmas, Las;No Residentes en España;Junio;4,01
Palmas, Las;No Residentes en España;Julio;4,3
Palmas, Las;No Residentes en España;Agosto;4,56
Palmas, Las;No Residentes en España;Septiembre;3,73
Palmas, Las;No Residentes en España;Octubre;3,65
Palmas, Las;No Residentes en España;Noviembre;3,73
Palmas, Las;No Residentes en España;Diciembre;3,62
Pontevedra;Total;Total;2,25
Pontevedra;Total;Enero;1,51
Pontevedra;Total;Febrero;1,81
Pontevedra;Total;Marzo;1,51
Pontevedra;Total;Abril;1,99
Pontevedra;Total;Mayo;1,63
Pontevedra;Total;Junio;1,92
Pontevedra;Total;Julio;2,94
Pontevedra;Total;Agosto;3,19
Pontevedra;Total;Septiembre;1,92
Pontevedra;Total;Octubre;1,86
Pontevedra;Total;Noviembre;1,71
Pontevedra;Total;Diciembre;2,03
Pontevedra;Residentes en España;Total;2,42
Pontevedra;Residentes en España;Enero;1,51
Pontevedra;Residentes en España;Febrero;1,77
Pontevedra;Residentes en España;Marzo;1,54
Pontevedra;Residentes en España;Abril;2,18
Pontevedra;Residentes en España;Mayo;1,63
Pontevedra;Residentes en España;Junio;2,12
Pontevedra;Residentes en España;Julio;2,99
Pontevedra;Residentes en España;Agosto;3,52
Pontevedra;Residentes en España;Septiembre;2,13
Pontevedra;Residentes en España;Octubre;2,05
Pontevedra;Residentes en España;Noviembre;1,77
Pontevedra;Residentes en España;Diciembre;2,02
Pontevedra;No Residentes en España;Total;1,68
Pontevedra;No Residentes en España;Enero;1,48
Pontevedra;No Residentes en España;Febrero;2,03
Pontevedra;No Residentes en España;Marzo;1,21
Pontevedra;No Residentes en España;Abril;1,57
Pontevedra;No Residentes en España;Mayo;1,64
Pontevedra;No Residentes en España;Junio;1,35
Pontevedra;No Residentes en España;Julio;2,58
Pontevedra;No Residentes en España;Agosto;2
Pontevedra;No Residentes en España;Septiembre;1,46
Pontevedra;No Residentes en España;Octubre;1,41
Pontevedra;No Residentes en España;Noviembre;1,3
Pontevedra;No Residentes en España;Diciembre;2,25
Rioja, La;Total;Total;2,3
Rioja, La;Total;Enero;2,22
Rioja, La;Total;Febrero;2,03
Rioja, La;Total;Marzo;2,15
Rioja, La;Total;Abril;2,37
Rioja, La;Total;Mayo;1,98
Rioja, La;Total;Junio;2,15
Rioja, La;Total;Julio;2,15
Rioja, La;Total;Agosto;2,9
Rioja, La;Total;Septiembre;2,05
Rioja, La;Total;Octubre;2,31
Rioja, La;Total;Noviembre;2,18
Rioja, La;Total;Diciembre;2,73
Rioja, La;Residentes en España;Total;2,37
Rioja, La;Residentes en España;Enero;2,23
Rioja, La;Residentes en España;Febrero;2,01
Rioja, La;Residentes en España;Marzo;2,2
Rioja, La;Residentes en España;Abril;2,34
Rioja, La;Residentes en España;Mayo;2,1
Rioja, La;Residentes en España;Junio;2,22
Rioja, La;Residentes en España;Julio;2,23
Rioja, La;Residentes en España;Agosto;3,15
Rioja, La;Residentes en España;Septiembre;2,14
Rioja, La;Residentes en España;Octubre;2,4
Rioja, La;Residentes en España;Noviembre;2,17
Rioja, La;Residentes en España;Diciembre;2,73
Rioja, La;No Residentes en España;Total;1,91
Rioja, La;No Residentes en España;Enero;1,91
Rioja, La;No Residentes en España;Febrero;2,31
Rioja, La;No Residentes en España;Marzo;1,78
Rioja, La;No Residentes en España;Abril;2,76
Rioja, La;No Residentes en España;Mayo;1,56
Rioja, La;No Residentes en España;Junio;1,9
Rioja, La;No Residentes en España;Julio;1,92
Rioja, La;No Residentes en España;Agosto;2,04
Rioja, La;No Residentes en España;Septiembre;1,77
Rioja, La;No Residentes en España;Octubre;1,85
Rioja, La;No Residentes en España;Noviembre;2,22
Rioja, La;No Residentes en España;Diciembre;3
Salamanca;Total;Total;2,3
Salamanca;Total;Enero;1,78
Salamanca;Total;Febrero;2,04
Salamanca;Total;Marzo;1,71
Salamanca;Total;Abril;2,26
Salamanca;Total;Mayo;1,71
Salamanca;Total;Junio;1,96
Salamanca;Total;Julio;2,74
Salamanca;Total;Agosto;3,68
Salamanca;Total;Septiembre;1,88
Salamanca;Total;Octubre;1,85
Salamanca;Total;Noviembre;1,74
Salamanca;Total;Diciembre;2,25
Salamanca;Residentes en España;Total;2,35
Salamanca;Residentes en España;Enero;1,79
Salamanca;Residentes en España;Febrero;2,06
Salamanca;Residentes en España;Marzo;1,72
Salamanca;Residentes en España;Abril;2,32
Salamanca;Residentes en España;Mayo;1,78
Salamanca;Residentes en España;Junio;1,97
Salamanca;Residentes en España;Julio;2,88
Salamanca;Residentes en España;Agosto;3,78
Salamanca;Residentes en España;Septiembre;1,93
Salamanca;Residentes en España;Octubre;1,88
Salamanca;Residentes en España;Noviembre;1,73
Salamanca;Residentes en España;Diciembre;2,27
Salamanca;No Residentes en España;Total;1,83
Salamanca;No Residentes en España;Enero;1,56
Salamanca;No Residentes en España;Febrero;1,81
Salamanca;No Residentes en España;Marzo;1,64
Salamanca;No Residentes en España;Abril;1,4
Salamanca;No Residentes en España;Mayo;1,21
Salamanca;No Residentes en España;Junio;1,92
Salamanca;No Residentes en España;Julio;1,57
Salamanca;No Residentes en España;Agosto;2,94
Salamanca;No Residentes en España;Septiembre;1,53
Salamanca;No Residentes en España;Octubre;1,62
Salamanca;No Residentes en España;Noviembre;1,86
Salamanca;No Residentes en España;Diciembre;1,69
Santa Cruz de Tenerife;Total;Total;4,92
Santa Cruz de Tenerife;Total;Enero;5,33
Santa Cruz de Tenerife;Total;Febrero;4,66
Santa Cruz de Tenerife;Total;Marzo;4,91
Santa Cruz de Tenerife;Total;Abril;4,81
Santa Cruz de Tenerife;Total;Mayo;4,72
Santa Cruz de Tenerife;Total;Junio;4,54
Santa Cruz de Tenerife;Total;Julio;4,95
Santa Cruz de Tenerife;Total;Agosto;4,94
Santa Cruz de Tenerife;Total;Septiembre;5,13
Santa Cruz de Tenerife;Total;Octubre;4,82
Santa Cruz de Tenerife;Total;Noviembre;5,09
Santa Cruz de Tenerife;Total;Diciembre;5,09
Santa Cruz de Tenerife;Residentes en España;Total;4,29
Santa Cruz de Tenerife;Residentes en España;Enero;5,2
Santa Cruz de Tenerife;Residentes en España;Febrero;4,18
Santa Cruz de Tenerife;Residentes en España;Marzo;4,72
Santa Cruz de Tenerife;Residentes en España;Abril;4,23
Santa Cruz de Tenerife;Residentes en España;Mayo;4,17
Santa Cruz de Tenerife;Residentes en España;Junio;3,85
Santa Cruz de Tenerife;Residentes en España;Julio;4,4
Santa Cruz de Tenerife;Residentes en España;Agosto;4,35
Santa Cruz de Tenerife;Residentes en España;Septiembre;4,51
Santa Cruz de Tenerife;Residentes en España;Octubre;4,08
Santa Cruz de Tenerife;Residentes en España;Noviembre;4,44
Santa Cruz de Tenerife;Residentes en España;Diciembre;3,88
Santa Cruz de Tenerife;No Residentes en España;Total;5,57
Santa Cruz de Tenerife;No Residentes en España;Enero;5,39
Santa Cruz de Tenerife;No Residentes en España;Febrero;4,93
Santa Cruz de Tenerife;No Residentes en España;Marzo;5
Santa Cruz de Tenerife;No Residentes en España;Abril;5,49
Santa Cruz de Tenerife;No Residentes en España;Mayo;5,58
Santa Cruz de Tenerife;No Residentes en España;Junio;6,27
Santa Cruz de Tenerife;No Residentes en España;Julio;6,31
Santa Cruz de Tenerife;No Residentes en España;Agosto;6,5
Santa Cruz de Tenerife;No Residentes en España;Septiembre;6,2
Santa Cruz de Tenerife;No Residentes en España;Octubre;5,72
Santa Cruz de Tenerife;No Residentes en España;Noviembre;5,42
Santa Cruz de Tenerife;No Residentes en España;Diciembre;5,92
Segovia;Total;Total;2,17
Segovia;Total;Enero;1,88
Segovia;Total;Febrero;1,79
Segovia;Total;Marzo;1,89
Segovia;Total;Abril;2,41
Segovia;Total;Mayo;1,89
Segovia;Total;Junio;1,87
Segovia;Total;Julio;2,4
Segovia;Total;Agosto;3,42
Segovia;Total;Septiembre;2
Segovia;Total;Octubre;1,98
Segovia;Total;Noviembre;1,85
Segovia;Total;Diciembre;2,25
Segovia;Residentes en España;Total;2,12
Segovia;Residentes en España;Enero;1,87
Segovia;Residentes en España;Febrero;1,8
Segovia;Residentes en España;Marzo;1,91
Segovia;Residentes en España;Abril;2,34
Segovia;Residentes en España;Mayo;1,82
Segovia;Residentes en España;Junio;1,86
Segovia;Residentes en España;Julio;2,33
Segovia;Residentes en España;Agosto;3,33
Segovia;Residentes en España;Septiembre;1,91
Segovia;Residentes en España;Octubre;1,89
Segovia;Residentes en España;Noviembre;1,8
Segovia;Residentes en España;Diciembre;2,3
Segovia;No Residentes en España;Total;3,11
Segovia;No Residentes en España;Enero;2,1
Segovia;No Residentes en España;Febrero;1,27
Segovia;No Residentes en España;Marzo;1,53
Segovia;No Residentes en España;Abril;4,06
Segovia;No Residentes en España;Mayo;2,81
Segovia;No Residentes en España;Junio;1,98
Segovia;No Residentes en España;Julio;3,75
Segovia;No Residentes en España;Agosto;5,25
Segovia;No Residentes en España;Septiembre;3,41
Segovia;No Residentes en España;Octubre;3,53
Segovia;No Residentes en España;Noviembre;3,16
Segovia;No Residentes en España;Diciembre;1,21
Sevilla;Total;Total;2,97
Sevilla;Total;Enero;2,59
Sevilla;Total;Febrero;2,52
Sevilla;Total;Marzo;2,34
Sevilla;Total;Abril;2,78
Sevilla;Total;Mayo;2,49
Sevilla;Total;Junio;2,88
Sevilla;Total;Julio;3,64
Sevilla;Total;Agosto;4,49
Sevilla;Total;Septiembre;2,67
Sevilla;Total;Octubre;2,63
Sevilla;Total;Noviembre;2,57
Sevilla;Total;Diciembre;2,68
Sevilla;Residentes en España;Total;2,68
Sevilla;Residentes en España;Enero;2,48
Sevilla;Residentes en España;Febrero;2,43
Sevilla;Residentes en España;Marzo;2,31
Sevilla;Residentes en España;Abril;2,64
Sevilla;Residentes en España;Mayo;2,2
Sevilla;Residentes en España;Junio;2,68
Sevilla;Residentes en España;Julio;3,08
Sevilla;Residentes en España;Agosto;3,75
Sevilla;Residentes en España;Septiembre;2,47
Sevilla;Residentes en España;Octubre;2,36
Sevilla;Residentes en España;Noviembre;2,36
Sevilla;Residentes en España;Diciembre;2,65
Sevilla;No Residentes en España;Total;4,62
Sevilla;No Residentes en España;Enero;3,33
Sevilla;No Residentes en España;Febrero;3,55
Sevilla;No Residentes en España;Marzo;2,59
Sevilla;No Residentes en España;Abril;3,37
Sevilla;No Residentes en España;Mayo;3,26
Sevilla;No Residentes en España;Junio;3,96
Sevilla;No Residentes en España;Julio;6,29
Sevilla;No Residentes en España;Agosto;7,18
Sevilla;No Residentes en España;Septiembre;3,94
Sevilla;No Residentes en España;Octubre;4,33
Sevilla;No Residentes en España;Noviembre;5,1
Sevilla;No Residentes en España;Diciembre;3,98
Soria;Total;Total;2,66
Soria;Total;Enero;2,41
Soria;Total;Febrero;2,15
Soria;Total;Marzo;2,15
Soria;Total;Abril;2,69
Soria;Total;Mayo;2,35
Soria;Total;Junio;2,48
Soria;Total;Julio;3,39
Soria;Total;Agosto;3,61
Soria;Total;Septiembre;2,27
Soria;Total;Octubre;2,4
Soria;Total;Noviembre;2,39
Soria;Total;Diciembre;2,82
Soria;Residentes en España;Total;2,63
Soria;Residentes en España;Enero;2,4
Soria;Residentes en España;Febrero;2,15
Soria;Residentes en España;Marzo;2,15
Soria;Residentes en España;Abril;2,69
Soria;Residentes en España;Mayo;2,31
Soria;Residentes en España;Junio;2,36
Soria;Residentes en España;Julio;3,32
Soria;Residentes en España;Agosto;3,59
Soria;Residentes en España;Septiembre;2,23
Soria;Residentes en España;Octubre;2,37
Soria;Residentes en España;Noviembre;2,33
Soria;Residentes en España;Diciembre;2,83
Soria;No Residentes en España;Total;3,98
Soria;No Residentes en España;Enero;2,79
Soria;No Residentes en España;Febrero;1,98
Soria;No Residentes en España;Marzo;2,12
Soria;No Residentes en España;Abril;2,42
Soria;No Residentes en España;Mayo;3,4
Soria;No Residentes en España;Junio;5,3
Soria;No Residentes en España;Julio;5,73
Soria;No Residentes en España;Agosto;3,9
Soria;No Residentes en España;Septiembre;4,97
Soria;No Residentes en España;Octubre;5,46
Soria;No Residentes en España;Noviembre;30
Soria;No Residentes en España;Diciembre;2,1
Tarragona;Total;Total;2,88
Tarragona;Total;Enero;2,29
Tarragona;Total;Febrero;2,01
Tarragona;Total;Marzo;2,12
Tarragona;Total;Abril;2,89
Tarragona;Total;Mayo;2,12
Tarragona;Total;Junio;2,31
Tarragona;Total;Julio;3,97
Tarragona;Total;Agosto;5,07
Tarragona;Total;Septiembre;2,15
Tarragona;Total;Octubre;2,11
Tarragona;Total;Noviembre;2,24
Tarragona;Total;Diciembre;2,43
Tarragona;Residentes en España;Total;2,65
Tarragona;Residentes en España;Enero;2,1
Tarragona;Residentes en España;Febrero;2,01
Tarragona;Residentes en España;Marzo;2,12
Tarragona;Residentes en España;Abril;2,66
Tarragona;Residentes en España;Mayo;2,19
Tarragona;Residentes en España;Junio;2,33
Tarragona;Residentes en España;Julio;3,46
Tarragona;Residentes en España;Agosto;4,75
Tarragona;Residentes en España;Septiembre;2,08
Tarragona;Residentes en España;Octubre;2
Tarragona;Residentes en España;Noviembre;2,15
Tarragona;Residentes en España;Diciembre;2,42
Tarragona;No Residentes en España;Total;4,82
Tarragona;No Residentes en España;Enero;3,8
Tarragona;No Residentes en España;Febrero;1,84
Tarragona;No Residentes en España;Marzo;1,9
Tarragona;No Residentes en España;Abril;5,46
Tarragona;No Residentes en España;Mayo;1,45
Tarragona;No Residentes en España;Junio;1,93
Tarragona;No Residentes en España;Julio;6,12
Tarragona;No Residentes en España;Agosto;5,98
Tarragona;No Residentes en España;Septiembre;2,74
Tarragona;No Residentes en España;Octubre;4,11
Tarragona;No Residentes en España;Noviembre;4,85
Tarragona;No Residentes en España;Diciembre;2,74
Teruel;Total;Total;2,76
Teruel;Total;Enero;2,36
Teruel;Total;Febrero;2,23
Teruel;Total;Marzo;2,45
Teruel;Total;Abril;2,8
Teruel;Total;Mayo;2,21
Teruel;Total;Junio;2,51
Teruel;Total;Julio;3,28
Teruel;Total;Agosto;3,81
Teruel;Total;Septiembre;2,52
Teruel;Total;Octubre;2,6
Teruel;Total;Noviembre;2,52
Teruel;Total;Diciembre;2,72
Teruel;Residentes en España;Total;2,7
Teruel;Residentes en España;Enero;2,35
Teruel;Residentes en España;Febrero;2,22
Teruel;Residentes en España;Marzo;2,38
Teruel;Residentes en España;Abril;2,75
Teruel;Residentes en España;Mayo;2,18
Teruel;Residentes en España;Junio;2,45
Teruel;Residentes en España;Julio;3,25
Teruel;Residentes en España;Agosto;3,72
Teruel;Residentes en España;Septiembre;2,45
Teruel;Residentes en España;Octubre;2,42
Teruel;Residentes en España;Noviembre;2,46
Teruel;Residentes en España;Diciembre;2,66
Teruel;No Residentes en España;Total;4,17
Teruel;No Residentes en España;Enero;2,94
Teruel;No Residentes en España;Febrero;2,83
Teruel;No Residentes en España;Marzo;3,58
Teruel;No Residentes en España;Abril;3,52
Teruel;No Residentes en España;Mayo;2,67
Teruel;No Residentes en España;Junio;3,77
Teruel;No Residentes en España;Julio;4,11
Teruel;No Residentes en España;Agosto;6,86
Teruel;No Residentes en España;Septiembre;3,5
Teruel;No Residentes en España;Octubre;5,18
Teruel;No Residentes en España;Noviembre;5,12
Teruel;No Residentes en España;Diciembre;6,42
Toledo;Total;Total;2,14
Toledo;Total;Enero;2,33
Toledo;Total;Febrero;2,02
Toledo;Total;Marzo;2,05
Toledo;Total;Abril;2,1
Toledo;Total;Mayo;2,07
Toledo;Total;Junio;1,86
Toledo;Total;Julio;2,28
Toledo;Total;Agosto;2,64
Toledo;Total;Septiembre;1,97
Toledo;Total;Octubre;2,08
Toledo;Total;Noviembre;1,92
Toledo;Total;Diciembre;2,26
Toledo;Residentes en España;Total;2,13
Toledo;Residentes en España;Enero;2,35
Toledo;Residentes en España;Febrero;2,01
Toledo;Residentes en España;Marzo;2,05
Toledo;Residentes en España;Abril;2,11
Toledo;Residentes en España;Mayo;2,07
Toledo;Residentes en España;Junio;1,87
Toledo;Residentes en España;Julio;2,3
Toledo;Residentes en España;Agosto;2,49
Toledo;Residentes en España;Septiembre;1,94
Toledo;Residentes en España;Octubre;2,08
Toledo;Residentes en España;Noviembre;1,93
Toledo;Residentes en España;Diciembre;2,27
Toledo;No Residentes en España;Total;2,66
Toledo;No Residentes en España;Enero;1,73
Toledo;No Residentes en España;Febrero;2,65
Toledo;No Residentes en España;Marzo;1,98
Toledo;No Residentes en España;Abril;1,35
Toledo;No Residentes en España;Mayo;1,24
Toledo;No Residentes en España;Junio;1,53
Toledo;No Residentes en España;Julio;1,43
Toledo;No Residentes en España;Agosto;6,53
Toledo;No Residentes en España;Septiembre;2,69
Toledo;No Residentes en España;Octubre;2,14
Toledo;No Residentes en España;Noviembre;1,06
Toledo;No Residentes en España;Diciembre;1,73
Valencia;Total;Total;2,74
Valencia;Total;Enero;2,4
Valencia;Total;Febrero;2,21
Valencia;Total;Marzo;2,22
Valencia;Total;Abril;2,54
Valencia;Total;Mayo;2,19
Valencia;Total;Junio;2,36
Valencia;Total;Julio;3,52
Valencia;Total;Agosto;4,46
Valencia;Total;Septiembre;2,62
Valencia;Total;Octubre;2,17
Valencia;Total;Noviembre;2,39
Valencia;Total;Diciembre;2,57
Valencia;Residentes en España;Total;2,56
Valencia;Residentes en España;Enero;2,18
Valencia;Residentes en España;Febrero;2,14
Valencia;Residentes en España;Marzo;2,06
Valencia;Residentes en España;Abril;2,52
Valencia;Residentes en España;Mayo;2,12
Valencia;Residentes en España;Junio;2,27
Valencia;Residentes en España;Julio;3,22
Valencia;Residentes en España;Agosto;4,1
Valencia;Residentes en España;Septiembre;2,42
Valencia;Residentes en España;Octubre;2,07
Valencia;Residentes en España;Noviembre;2,23
Valencia;Residentes en España;Diciembre;2,48
Valencia;No Residentes en España;Total;4,19
Valencia;No Residentes en España;Enero;4,46
Valencia;No Residentes en España;Febrero;2,94
Valencia;No Residentes en España;Marzo;3,32
Valencia;No Residentes en España;Abril;2,72
Valencia;No Residentes en España;Mayo;2,92
Valencia;No Residentes en España;Junio;3,35
Valencia;No Residentes en España;Julio;5,09
Valencia;No Residentes en España;Agosto;6,37
Valencia;No Residentes en España;Septiembre;4,45
Valencia;No Residentes en España;Octubre;3,22
Valencia;No Residentes en España;Noviembre;3,76
Valencia;No Residentes en España;Diciembre;4,43
Valladolid;Total;Total;2,25
Valladolid;Total;Enero;2,27
Valladolid;Total;Febrero;2,05
Valladolid;Total;Marzo;1,87
Valladolid;Total;Abril;2,12
Valladolid;Total;Mayo;1,99
Valladolid;Total;Junio;1,95
Valladolid;Total;Julio;2,43
Valladolid;Total;Agosto;2,65
Valladolid;Total;Septiembre;2,8
Valladolid;Total;Octubre;2,41
Valladolid;Total;Noviembre;2,13
Valladolid;Total;Diciembre;2,09
Valladolid;Residentes en España;Total;2,2
Valladolid;Residentes en España;Enero;2,27
Valladolid;Residentes en España;Febrero;2,02
Valladolid;Residentes en España;Marzo;1,89
Valladolid;Residentes en España;Abril;2,14
Valladolid;Residentes en España;Mayo;2,01
Valladolid;Residentes en España;Junio;1,93
Valladolid;Residentes en España;Julio;2,51
Valladolid;Residentes en España;Agosto;2,52
Valladolid;Residentes en España;Septiembre;2,49
Valladolid;Residentes en España;Octubre;2,2
Valladolid;Residentes en España;Noviembre;2,14
Valladolid;Residentes en España;Diciembre;2,11
Valladolid;No Residentes en España;Total;2,86
Valladolid;No Residentes en España;Enero;2,08
Valladolid;No Residentes en España;Febrero;2,97
Valladolid;No Residentes en España;Marzo;1,74
Valladolid;No Residentes en España;Abril;1,88
Valladolid;No Residentes en España;Mayo;1,77
Valladolid;No Residentes en España;Junio;2,22
Valladolid;No Residentes en España;Julio;1,66
Valladolid;No Residentes en España;Agosto;3,74
Valladolid;No Residentes en España;Septiembre;5,25
Valladolid;No Residentes en España;Octubre;4,37
Valladolid;No Residentes en España;Noviembre;1,86
Valladolid;No Residentes en España;Diciembre;1,63
Zamora;Total;Total;2,22
Zamora;Total;Enero;1,7
Zamora;Total;Febrero;1,82
Zamora;Total;Marzo;1,96
Zamora;Total;Abril;2,21
Zamora;Total;Mayo;1,9
Zamora;Total;Junio;1,96
Zamora;Total;Julio;2,4
Zamora;Total;Agosto;2,89
Zamora;Total;Septiembre;1,93
Zamora;Total;Octubre;1,98
Zamora;Total;Noviembre;2,16
Zamora;Total;Diciembre;2,37
Zamora;Residentes en España;Total;2,27
Zamora;Residentes en España;Enero;1,71
Zamora;Residentes en España;Febrero;1,83
Zamora;Residentes en España;Marzo;1,91
Zamora;Residentes en España;Abril;2,25
Zamora;Residentes en España;Mayo;2
Zamora;Residentes en España;Junio;2,07
Zamora;Residentes en España;Julio;2,43
Zamora;Residentes en España;Agosto;3,01
Zamora;Residentes en España;Septiembre;1,97
Zamora;Residentes en España;Octubre;2
Zamora;Residentes en España;Noviembre;2,2
Zamora;Residentes en España;Diciembre;2,43
Zamora;No Residentes en España;Total;1,6
Zamora;No Residentes en España;Enero;1,59
Zamora;No Residentes en España;Febrero;1,48
Zamora;No Residentes en España;Marzo;2,68
Zamora;No Residentes en España;Abril;1,87
Zamora;No Residentes en España;Mayo;1,18
Zamora;No Residentes en España;Junio;1,27
Zamora;No Residentes en España;Julio;2,11
Zamora;No Residentes en España;Agosto;1,5
Zamora;No Residentes en España;Septiembre;1,25
Zamora;No Residentes en España;Octubre;1,77
Zamora;No Residentes en España;Noviembre;1,2
Zamora;No Residentes en España;Diciembre;1,38
Zaragoza;Total;Total;2,81
Zaragoza;Total;Enero;3,45
Zaragoza;Total;Febrero;2,89
Zaragoza;Total;Marzo;2,9
Zaragoza;Total;Abril;2,66
Zaragoza;Total;Mayo;2,73
Zaragoza;Total;Junio;2,49
Zaragoza;Total;Julio;3,24
Zaragoza;Total;Agosto;3,44
Zaragoza;Total;Septiembre;2,24
Zaragoza;Total;Octubre;2,72
Zaragoza;Total;Noviembre;2,4
Zaragoza;Total;Diciembre;2,8
Zaragoza;Residentes en España;Total;2,82
Zaragoza;Residentes en España;Enero;3,45
Zaragoza;Residentes en España;Febrero;2,95
Zaragoza;Residentes en España;Marzo;2,85
Zaragoza;Residentes en España;Abril;2,74
Zaragoza;Residentes en España;Mayo;2,84
Zaragoza;Residentes en España;Junio;2,49
Zaragoza;Residentes en España;Julio;3,21
Zaragoza;Residentes en España;Agosto;3,46
Zaragoza;Residentes en España;Septiembre;2,3
Zaragoza;Residentes en España;Octubre;2,64
Zaragoza;Residentes en España;Noviembre;2,4
Zaragoza;Residentes en España;Diciembre;2,8
Zaragoza;No Residentes en España;Total;2,66
Zaragoza;No Residentes en España;Enero;3,5
Zaragoza;No Residentes en España;Febrero;2,16
Zaragoza;No Residentes en España;Marzo;3,58
Zaragoza;No Residentes en España;Abril;1,66
Zaragoza;No Residentes en España;Mayo;1,92
Zaragoza;No Residentes en España;Junio;2,45
Zaragoza;No Residentes en España;Julio;3,45
Zaragoza;No Residentes en España;Agosto;3,32
Zaragoza;No Residentes en España;Septiembre;1,67
Zaragoza;No Residentes en España;Octubre;3,48
Zaragoza;No Residentes en España;Noviembre;2,35
Zaragoza;No Residentes en España;Diciembre;2,64
